{
  "hash": "9c577e14",
  "configHash": "d5e65d04",
  "lockfileHash": "e0b45caa",
  "browserHash": "400dfe0e",
  "optimized": {
    "@angular/core": {
      "src": "../../../../../../node_modules/@angular/core/fesm2022/core.mjs",
      "file": "@angular_core.js",
      "fileHash": "f7e5418e",
      "needsInterop": false
    },
    "@angular/platform-browser": {
      "src": "../../../../../../node_modules/@angular/platform-browser/fesm2022/platform-browser.mjs",
      "file": "@angular_platform-browser.js",
      "fileHash": "94c1e576",
      "needsInterop": false
    },
    "@angular/router": {
      "src": "../../../../../../node_modules/@angular/router/fesm2022/router.mjs",
      "file": "@angular_router.js",
      "fileHash": "e56b06ee",
      "needsInterop": false
    },
    "@angular/common/http": {
      "src": "../../../../../../node_modules/@angular/common/fesm2022/http.mjs",
      "file": "@angular_common_http.js",
      "fileHash": "776e8cab",
      "needsInterop": false
    }
  },
  "chunks": {
    "chunk-AENJCTVE": {
      "file": "chunk-AENJCTVE.js"
    },
    "chunk-UIUXXS45": {
      "file": "chunk-UIUXXS45.js"
    },
    "chunk-NTS2FYPI": {
      "file": "chunk-NTS2FYPI.js"
    }
  }
}